{"accuracy": 0.816, "precision": 0.8461538461538461, "recall": 0.7795275590551181, "auc": 0.8798412393572755}